id,topic,valor,time
19163,sensor/temperatura/rasberry,37.6,2025-04-09 08:57:54
19164,inomax/temperaturaVariador,309.0,2025-04-09 08:57:56
19165,sensor/temperatura/tablero,228.0,2025-04-09 08:57:56
19166,sensor/temperatura/rasberry,37.6,2025-04-09 08:57:59
19167,inomax/temperaturaVariador,309.0,2025-04-09 08:58:01
19168,inomax/busdevoltaje,3822.0,2025-04-09 08:58:01
19169,sensor/temperatura/rasberry,37.6,2025-04-09 08:58:04
19170,inomax/temperaturaVariador,309.0,2025-04-09 08:58:09
19171,sensor/temperatura/tablero,229.0,2025-04-09 08:58:09
19172,sensor/temperatura/rasberry,37.6,2025-04-09 08:58:09
19173,inomax/busdevoltaje,3754.0,2025-04-09 08:58:14
19174,inomax/temperaturaVariador,309.0,2025-04-09 08:58:14
19175,sensor/temperatura/rasberry,37.0,2025-04-09 08:58:14
19176,sensor/temperatura/rasberry,38.1,2025-04-09 08:58:19
19177,inomax/temperaturaVariador,309.0,2025-04-09 08:58:22
19178,sensor/temperatura/tablero,228.0,2025-04-09 08:58:22
19179,sensor/temperatura/rasberry,37.0,2025-04-09 08:58:24
19180,inomax/busdevoltaje,3741.0,2025-04-09 08:58:27
19181,inomax/temperaturaVariador,309.0,2025-04-09 08:58:27
19182,sensor/temperatura/rasberry,37.0,2025-04-09 08:58:29
19183,sensor/temperatura/rasberry,37.0,2025-04-09 08:58:34
19184,inomax/temperaturaVariador,309.0,2025-04-09 08:58:35
19185,sensor/temperatura/tablero,228.0,2025-04-09 08:58:35
19186,sensor/temperatura/rasberry,38.1,2025-04-09 08:58:39
19187,inomax/busdevoltaje,3736.0,2025-04-09 08:58:40
19188,inomax/temperaturaVariador,310.0,2025-04-09 08:58:40
19189,sensor/temperatura/rasberry,37.6,2025-04-09 08:58:44
19190,inomax/temperaturaVariador,309.0,2025-04-09 08:58:48
19191,sensor/temperatura/tablero,229.0,2025-04-09 08:58:49
19192,sensor/temperatura/rasberry,37.6,2025-04-09 08:58:49
19193,inomax/busdevoltaje,3735.0,2025-04-09 08:58:53
19194,inomax/temperaturaVariador,309.0,2025-04-09 08:58:54
19195,sensor/temperatura/rasberry,38.1,2025-04-09 08:58:54
19196,sensor/temperatura/rasberry,36.5,2025-04-09 08:58:59
19197,inomax/temperaturaVariador,309.0,2025-04-09 08:59:02
19198,sensor/temperatura/tablero,229.0,2025-04-09 08:59:02
19199,sensor/temperatura/rasberry,37.6,2025-04-09 08:59:04
19200,inomax/busdevoltaje,3735.0,2025-04-09 08:59:07
19201,inomax/temperaturaVariador,310.0,2025-04-09 08:59:07
19202,sensor/temperatura/rasberry,37.6,2025-04-09 08:59:09
19203,sensor/temperatura/rasberry,37.6,2025-04-09 08:59:14
19204,inomax/temperaturaVariador,310.0,2025-04-09 08:59:15
19205,sensor/temperatura/tablero,229.0,2025-04-09 08:59:15
19206,sensor/temperatura/rasberry,37.6,2025-04-09 08:59:19
19207,inomax/busdevoltaje,3736.0,2025-04-09 08:59:20
19208,inomax/temperaturaVariador,310.0,2025-04-09 08:59:20
19209,sensor/temperatura/rasberry,37.6,2025-04-09 08:59:24
19210,inomax/temperaturaVariador,310.0,2025-04-09 08:59:28
19211,sensor/temperatura/tablero,229.0,2025-04-09 08:59:28
19212,sensor/temperatura/rasberry,37.6,2025-04-09 08:59:29
19213,inomax/busdevoltaje,3736.0,2025-04-09 08:59:33
19214,inomax/temperaturaVariador,310.0,2025-04-09 08:59:33
19215,sensor/temperatura/rasberry,37.6,2025-04-09 08:59:34
19216,sensor/temperatura/rasberry,37.6,2025-04-09 08:59:39
19217,inomax/temperaturaVariador,310.0,2025-04-09 08:59:41
19218,sensor/temperatura/tablero,229.0,2025-04-09 08:59:41
19219,sensor/temperatura/rasberry,37.0,2025-04-09 08:59:44
19220,inomax/busdevoltaje,3737.0,2025-04-09 08:59:46
19221,inomax/temperaturaVariador,310.0,2025-04-09 08:59:46
19222,sensor/temperatura/rasberry,36.5,2025-04-09 08:59:49
19223,sensor/temperatura/rasberry,37.6,2025-04-09 08:59:54
19224,inomax/temperaturaVariador,310.0,2025-04-09 08:59:55
19225,sensor/temperatura/tablero,229.0,2025-04-09 08:59:55
19226,sensor/temperatura/rasberry,37.6,2025-04-09 08:59:59
19227,inomax/busdevoltaje,3753.0,2025-04-09 09:00:00
19228,inomax/temperaturaVariador,310.0,2025-04-09 09:00:00
19229,sensor/temperatura/rasberry,36.5,2025-04-09 09:00:04
19230,inomax/temperaturaVariador,310.0,2025-04-09 09:00:08
19231,sensor/temperatura/tablero,229.0,2025-04-09 09:00:08
19232,sensor/temperatura/rasberry,37.0,2025-04-09 09:00:09
19233,inomax/busdevoltaje,3743.0,2025-04-09 09:00:13
19234,inomax/temperaturaVariador,310.0,2025-04-09 09:00:13
19235,sensor/temperatura/rasberry,37.6,2025-04-09 09:00:14
19236,sensor/temperatura/rasberry,37.6,2025-04-09 09:00:19
19237,inomax/temperaturaVariador,310.0,2025-04-09 09:00:21
19238,sensor/temperatura/tablero,229.0,2025-04-09 09:00:21
19239,sensor/temperatura/rasberry,37.6,2025-04-09 09:00:24
19240,inomax/busdevoltaje,3743.0,2025-04-09 09:00:26
19241,inomax/temperaturaVariador,310.0,2025-04-09 09:00:26
19242,sensor/temperatura/rasberry,37.0,2025-04-09 09:00:29
19243,sensor/temperatura/rasberry,37.6,2025-04-09 09:00:34
19244,inomax/temperaturaVariador,310.0,2025-04-09 09:00:34
19245,sensor/temperatura/tablero,229.0,2025-04-09 09:00:34
19246,sensor/temperatura/rasberry,37.6,2025-04-09 09:00:39
19247,inomax/busdevoltaje,3735.0,2025-04-09 09:00:39
19248,sensor/temperatura/rasberry,37.6,2025-04-09 09:00:44
19249,inomax/temperaturaVariador,310.0,2025-04-09 09:00:47
19250,sensor/temperatura/tablero,229.0,2025-04-09 09:00:48
19251,sensor/temperatura/rasberry,37.6,2025-04-09 09:00:49
19252,inomax/busdevoltaje,3735.0,2025-04-09 09:00:52
19253,inomax/temperaturaVariador,310.0,2025-04-09 09:00:53
19254,sensor/temperatura/rasberry,37.6,2025-04-09 09:00:54
19255,sensor/temperatura/rasberry,37.6,2025-04-09 09:00:59
19256,inomax/temperaturaVariador,310.0,2025-04-09 09:01:01
19257,sensor/temperatura/tablero,229.0,2025-04-09 09:01:01
19258,sensor/temperatura/rasberry,37.6,2025-04-09 09:01:04
19259,inomax/busdevoltaje,3735.0,2025-04-09 09:01:06
19260,inomax/temperaturaVariador,310.0,2025-04-09 09:01:06
19261,sensor/temperatura/rasberry,37.0,2025-04-09 09:01:09
19262,inomax/temperaturaVariador,310.0,2025-04-09 09:01:14
19263,sensor/temperatura/tablero,229.0,2025-04-09 09:01:14
19264,sensor/temperatura/rasberry,37.6,2025-04-09 09:01:14
19265,inomax/busdevoltaje,3737.0,2025-04-09 09:01:19
19266,inomax/temperaturaVariador,310.0,2025-04-09 09:01:19
19267,sensor/temperatura/rasberry,37.6,2025-04-09 09:01:19
19268,sensor/temperatura/rasberry,37.6,2025-04-09 09:01:24
19269,inomax/temperaturaVariador,310.0,2025-04-09 09:01:27
19270,sensor/temperatura/tablero,229.0,2025-04-09 09:01:27
19271,sensor/temperatura/rasberry,37.6,2025-04-09 09:01:29
19272,inomax/busdevoltaje,3735.0,2025-04-09 09:01:32
19273,inomax/temperaturaVariador,310.0,2025-04-09 09:01:32
19274,sensor/temperatura/rasberry,37.6,2025-04-09 09:01:34
19275,sensor/temperatura/rasberry,37.6,2025-04-09 09:01:39
19276,inomax/temperaturaVariador,310.0,2025-04-09 09:01:40
19277,sensor/temperatura/tablero,229.0,2025-04-09 09:01:40
19278,sensor/temperatura/rasberry,37.6,2025-04-09 09:01:44
19279,inomax/busdevoltaje,3736.0,2025-04-09 09:01:45
19280,inomax/temperaturaVariador,310.0,2025-04-09 09:01:45
19281,sensor/temperatura/rasberry,37.6,2025-04-09 09:01:49
19282,inomax/temperaturaVariador,310.0,2025-04-09 09:01:53
19283,sensor/temperatura/tablero,229.0,2025-04-09 09:01:54
19284,sensor/temperatura/rasberry,37.6,2025-04-09 09:01:54
19285,inomax/busdevoltaje,3736.0,2025-04-09 09:01:58
19286,inomax/temperaturaVariador,310.0,2025-04-09 09:01:59
19287,sensor/temperatura/rasberry,37.0,2025-04-09 09:01:59
19288,sensor/temperatura/rasberry,37.0,2025-04-09 09:02:04
19289,inomax/temperaturaVariador,310.0,2025-04-09 09:02:07
19290,sensor/temperatura/tablero,229.0,2025-04-09 09:02:07
19291,sensor/temperatura/rasberry,37.6,2025-04-09 09:02:09
19292,inomax/busdevoltaje,3736.0,2025-04-09 09:02:12
19293,inomax/temperaturaVariador,310.0,2025-04-09 09:02:12
19294,sensor/temperatura/rasberry,37.6,2025-04-09 09:02:14
19295,sensor/temperatura/rasberry,37.6,2025-04-09 09:02:19
19296,inomax/temperaturaVariador,310.0,2025-04-09 09:02:20
19297,sensor/temperatura/tablero,229.0,2025-04-09 09:02:20
19298,sensor/temperatura/rasberry,37.6,2025-04-09 09:02:24
19299,inomax/busdevoltaje,3735.0,2025-04-09 09:02:25
19300,inomax/temperaturaVariador,310.0,2025-04-09 09:02:25
19301,sensor/temperatura/rasberry,37.6,2025-04-09 09:02:29
19302,inomax/temperaturaVariador,310.0,2025-04-09 09:02:33
19303,sensor/temperatura/tablero,229.0,2025-04-09 09:02:33
19304,sensor/temperatura/rasberry,37.6,2025-04-09 09:02:34
19305,inomax/busdevoltaje,3734.0,2025-04-09 09:02:38
19306,inomax/temperaturaVariador,310.0,2025-04-09 09:02:38
19307,sensor/temperatura/rasberry,37.6,2025-04-09 09:02:39
19308,sensor/temperatura/rasberry,37.6,2025-04-09 09:02:44
19309,inomax/temperaturaVariador,310.0,2025-04-09 09:02:46
19310,sensor/temperatura/tablero,229.0,2025-04-09 09:02:46
19311,sensor/temperatura/rasberry,37.6,2025-04-09 09:02:49
19312,inomax/busdevoltaje,3735.0,2025-04-09 09:02:51
19313,inomax/temperaturaVariador,310.0,2025-04-09 09:02:51
19314,sensor/temperatura/rasberry,37.0,2025-04-09 09:02:54
19315,sensor/temperatura/rasberry,37.6,2025-04-09 09:02:59
19316,inomax/temperaturaVariador,310.0,2025-04-09 09:03:00
19317,sensor/temperatura/tablero,229.0,2025-04-09 09:03:00
19318,sensor/temperatura/rasberry,37.6,2025-04-09 09:03:04
19319,inomax/busdevoltaje,3736.0,2025-04-09 09:03:05
19320,inomax/temperaturaVariador,310.0,2025-04-09 09:03:05
19321,sensor/temperatura/rasberry,37.6,2025-04-09 09:03:09
19322,inomax/temperaturaVariador,310.0,2025-04-09 09:03:13
19323,sensor/temperatura/tablero,230.0,2025-04-09 09:03:13
19324,sensor/temperatura/rasberry,37.6,2025-04-09 09:03:14
19325,inomax/busdevoltaje,3736.0,2025-04-09 09:03:18
19326,sensor/temperatura/rasberry,37.0,2025-04-09 09:03:19
19327,sensor/temperatura/rasberry,37.6,2025-04-09 09:03:24
19328,inomax/temperaturaVariador,310.0,2025-04-09 09:03:26
19329,sensor/temperatura/tablero,230.0,2025-04-09 09:03:26
19330,sensor/temperatura/rasberry,37.6,2025-04-09 09:03:29
19331,inomax/busdevoltaje,3737.0,2025-04-09 09:03:31
19332,inomax/temperaturaVariador,310.0,2025-04-09 09:03:31
19333,sensor/temperatura/rasberry,37.6,2025-04-09 09:03:34
19334,inomax/temperaturaVariador,310.0,2025-04-09 09:03:39
19335,sensor/temperatura/rasberry,37.0,2025-04-09 09:03:39
19336,sensor/temperatura/tablero,230.0,2025-04-09 09:03:39
19337,inomax/busdevoltaje,3738.0,2025-04-09 09:03:44
19338,sensor/temperatura/rasberry,37.0,2025-04-09 09:03:44
19339,inomax/temperaturaVariador,310.0,2025-04-09 09:03:44
19340,sensor/temperatura/rasberry,37.6,2025-04-09 09:03:49
19341,inomax/temperaturaVariador,310.0,2025-04-09 09:03:52
19342,sensor/temperatura/tablero,230.0,2025-04-09 09:03:53
19343,sensor/temperatura/rasberry,37.6,2025-04-09 09:03:54
19344,inomax/busdevoltaje,3742.0,2025-04-09 09:03:57
19345,inomax/temperaturaVariador,310.0,2025-04-09 09:03:58
19346,sensor/temperatura/rasberry,37.6,2025-04-09 09:03:59
19347,sensor/temperatura/rasberry,37.6,2025-04-09 09:04:04
19348,inomax/temperaturaVariador,310.0,2025-04-09 09:04:06
19349,sensor/temperatura/tablero,230.0,2025-04-09 09:04:06
19350,sensor/temperatura/rasberry,37.6,2025-04-09 09:04:09
19351,inomax/busdevoltaje,3743.0,2025-04-09 09:04:11
19352,sensor/temperatura/rasberry,37.0,2025-04-09 09:04:14
19353,inomax/temperaturaVariador,310.0,2025-04-09 09:04:19
19354,sensor/temperatura/tablero,230.0,2025-04-09 09:04:19
19355,sensor/temperatura/rasberry,37.6,2025-04-09 09:04:19
19356,inomax/busdevoltaje,3746.0,2025-04-09 09:04:24
19357,inomax/temperaturaVariador,310.0,2025-04-09 09:04:24
19358,sensor/temperatura/rasberry,37.6,2025-04-09 09:04:24
19359,sensor/temperatura/rasberry,37.6,2025-04-09 09:04:29
19360,inomax/temperaturaVariador,310.0,2025-04-09 09:04:32
19361,sensor/temperatura/tablero,230.0,2025-04-09 09:04:32
19362,sensor/temperatura/rasberry,37.0,2025-04-09 09:04:34
19363,inomax/busdevoltaje,3751.0,2025-04-09 09:04:37
19364,inomax/temperaturaVariador,310.0,2025-04-09 09:04:37
19365,sensor/temperatura/rasberry,37.6,2025-04-09 09:04:39
19366,sensor/temperatura/rasberry,37.6,2025-04-09 09:04:44
19367,inomax/temperaturaVariador,311.0,2025-04-09 09:04:45
19368,sensor/temperatura/tablero,230.0,2025-04-09 09:04:45
19369,sensor/temperatura/rasberry,37.0,2025-04-09 09:04:49
19370,inomax/busdevoltaje,3756.0,2025-04-09 09:04:50
19371,inomax/temperaturaVariador,310.0,2025-04-09 09:04:50
19372,sensor/temperatura/rasberry,37.6,2025-04-09 09:04:54
19373,inomax/temperaturaVariador,310.0,2025-04-09 09:04:58
19374,sensor/temperatura/tablero,230.0,2025-04-09 09:04:59
19375,sensor/temperatura/rasberry,37.6,2025-04-09 09:04:59
19376,inomax/busdevoltaje,3759.0,2025-04-09 09:05:04
19377,inomax/temperaturaVariador,311.0,2025-04-09 09:05:04
19378,sensor/temperatura/rasberry,37.6,2025-04-09 09:05:04
19379,sensor/temperatura/rasberry,37.6,2025-04-09 09:05:09
19380,inomax/temperaturaVariador,311.0,2025-04-09 09:05:12
19381,sensor/temperatura/tablero,230.0,2025-04-09 09:05:12
19382,sensor/temperatura/rasberry,37.6,2025-04-09 09:05:14
19383,inomax/busdevoltaje,3774.0,2025-04-09 09:05:17
19384,sensor/temperatura/rasberry,37.6,2025-04-09 09:05:19
19385,sensor/temperatura/rasberry,37.6,2025-04-09 09:05:24
19386,inomax/temperaturaVariador,310.0,2025-04-09 09:05:25
19387,sensor/temperatura/tablero,230.0,2025-04-09 09:05:25
19388,sensor/temperatura/rasberry,37.6,2025-04-09 09:05:29
19389,inomax/busdevoltaje,3775.0,2025-04-09 09:05:30
19390,inomax/temperaturaVariador,311.0,2025-04-09 09:05:30
19391,sensor/temperatura/rasberry,37.6,2025-04-09 09:05:34
19392,inomax/temperaturaVariador,311.0,2025-04-09 09:05:38
19393,sensor/temperatura/tablero,230.0,2025-04-09 09:05:38
19394,sensor/temperatura/rasberry,37.6,2025-04-09 09:05:39
19395,inomax/busdevoltaje,3774.0,2025-04-09 09:05:43
19396,inomax/temperaturaVariador,311.0,2025-04-09 09:05:43
19397,sensor/temperatura/rasberry,37.6,2025-04-09 09:05:44
19398,sensor/temperatura/rasberry,37.6,2025-04-09 09:05:49
19399,inomax/temperaturaVariador,311.0,2025-04-09 09:05:51
19400,sensor/temperatura/tablero,230.0,2025-04-09 09:05:52
19401,sensor/temperatura/rasberry,37.6,2025-04-09 09:05:54
19402,inomax/busdevoltaje,3777.0,2025-04-09 09:05:56
19403,sensor/temperatura/rasberry,37.6,2025-04-09 09:05:59
19404,sensor/temperatura/rasberry,37.0,2025-04-09 09:06:04
19405,inomax/temperaturaVariador,311.0,2025-04-09 09:06:05
19406,sensor/temperatura/tablero,230.0,2025-04-09 09:06:05
19407,sensor/temperatura/rasberry,37.6,2025-04-09 09:06:09
19408,inomax/busdevoltaje,3791.0,2025-04-09 09:06:10
19409,inomax/temperaturaVariador,311.0,2025-04-09 09:06:10
19410,sensor/temperatura/rasberry,37.0,2025-04-09 09:06:14
19411,inomax/temperaturaVariador,311.0,2025-04-09 09:06:18
19412,sensor/temperatura/tablero,230.0,2025-04-09 09:06:18
19413,sensor/temperatura/rasberry,37.6,2025-04-09 09:06:19
19414,inomax/busdevoltaje,3779.0,2025-04-09 09:06:23
19415,inomax/temperaturaVariador,311.0,2025-04-09 09:06:23
19416,sensor/temperatura/rasberry,37.0,2025-04-09 09:06:24
19417,sensor/temperatura/rasberry,37.0,2025-04-09 09:06:29
19418,inomax/temperaturaVariador,311.0,2025-04-09 09:06:31
19419,sensor/temperatura/tablero,230.0,2025-04-09 09:06:31
19420,sensor/temperatura/rasberry,37.6,2025-04-09 09:06:34
19421,inomax/busdevoltaje,3767.0,2025-04-09 09:06:36
19422,inomax/temperaturaVariador,311.0,2025-04-09 09:06:36
19423,sensor/temperatura/rasberry,37.0,2025-04-09 09:06:39
19424,inomax/temperaturaVariador,311.0,2025-04-09 09:06:44
19425,sensor/temperatura/rasberry,37.6,2025-04-09 09:06:44
19426,sensor/temperatura/tablero,230.0,2025-04-09 09:06:44
19427,inomax/busdevoltaje,3776.0,2025-04-09 09:06:49
19428,sensor/temperatura/rasberry,37.6,2025-04-09 09:06:49
19429,sensor/temperatura/rasberry,38.1,2025-04-09 09:06:54
19430,inomax/temperaturaVariador,311.0,2025-04-09 09:06:57
19431,sensor/temperatura/tablero,230.0,2025-04-09 09:06:58
19432,sensor/temperatura/rasberry,37.6,2025-04-09 09:06:59
19433,inomax/busdevoltaje,3781.0,2025-04-09 09:07:02
19434,inomax/temperaturaVariador,311.0,2025-04-09 09:07:03
19435,sensor/temperatura/rasberry,37.6,2025-04-09 09:07:04
19436,sensor/temperatura/rasberry,37.0,2025-04-09 09:07:09
19437,inomax/temperaturaVariador,311.0,2025-04-09 09:07:11
19438,sensor/temperatura/tablero,230.0,2025-04-09 09:07:11
19439,sensor/temperatura/rasberry,37.0,2025-04-09 09:07:14
19440,inomax/busdevoltaje,3774.0,2025-04-09 09:07:16
19441,inomax/temperaturaVariador,311.0,2025-04-09 09:07:16
19442,sensor/temperatura/rasberry,37.6,2025-04-09 09:07:19
19443,inomax/temperaturaVariador,311.0,2025-04-09 09:07:24
19444,sensor/temperatura/tablero,230.0,2025-04-09 09:07:24
19445,sensor/temperatura/rasberry,37.6,2025-04-09 09:07:24
19446,inomax/busdevoltaje,3770.0,2025-04-09 09:07:29
19447,inomax/temperaturaVariador,311.0,2025-04-09 09:07:29
19448,sensor/temperatura/rasberry,37.6,2025-04-09 09:07:29
19449,sensor/temperatura/rasberry,37.0,2025-04-09 09:07:34
19450,inomax/temperaturaVariador,311.0,2025-04-09 09:07:37
19451,sensor/temperatura/tablero,230.0,2025-04-09 09:07:37
19452,sensor/temperatura/rasberry,36.5,2025-04-09 09:07:39
19453,inomax/busdevoltaje,3767.0,2025-04-09 09:07:42
19454,inomax/temperaturaVariador,311.0,2025-04-09 09:07:42
19455,sensor/temperatura/rasberry,37.6,2025-04-09 09:07:44
19456,sensor/temperatura/rasberry,37.6,2025-04-09 09:07:49
19457,inomax/temperaturaVariador,311.0,2025-04-09 09:07:50
19458,sensor/temperatura/tablero,230.0,2025-04-09 09:07:50
19459,sensor/temperatura/rasberry,37.0,2025-04-09 09:07:54
19460,inomax/busdevoltaje,3775.0,2025-04-09 09:07:55
19461,inomax/temperaturaVariador,311.0,2025-04-09 09:07:55
19462,sensor/temperatura/rasberry,37.0,2025-04-09 09:07:59
19463,inomax/temperaturaVariador,311.0,2025-04-09 09:08:04
19464,sensor/temperatura/tablero,231.0,2025-04-09 09:08:04
19465,sensor/temperatura/rasberry,36.5,2025-04-09 09:08:04
19466,inomax/busdevoltaje,3777.0,2025-04-09 09:08:09
19467,inomax/temperaturaVariador,311.0,2025-04-09 09:08:09
19468,sensor/temperatura/rasberry,37.6,2025-04-09 09:08:09
19469,sensor/temperatura/rasberry,37.6,2025-04-09 09:08:14
19470,inomax/temperaturaVariador,311.0,2025-04-09 09:08:17
19471,sensor/temperatura/tablero,230.0,2025-04-09 09:08:17
19472,sensor/temperatura/rasberry,37.6,2025-04-09 09:08:19
19473,inomax/temperaturaVariador,311.0,2025-04-09 09:08:22
19474,inomax/busdevoltaje,3755.0,2025-04-09 09:08:22
19475,sensor/temperatura/rasberry,37.6,2025-04-09 09:08:24
19476,sensor/temperatura/rasberry,37.6,2025-04-09 09:08:29
19477,inomax/temperaturaVariador,311.0,2025-04-09 09:08:30
19478,sensor/temperatura/tablero,231.0,2025-04-09 09:08:30
19479,sensor/temperatura/rasberry,37.6,2025-04-09 09:08:34
19480,inomax/busdevoltaje,3758.0,2025-04-09 09:08:35
19481,inomax/temperaturaVariador,311.0,2025-04-09 09:08:35
19482,sensor/temperatura/rasberry,37.6,2025-04-09 09:08:39
19483,inomax/temperaturaVariador,311.0,2025-04-09 09:08:43
19484,sensor/temperatura/tablero,231.0,2025-04-09 09:08:43
19485,sensor/temperatura/rasberry,37.6,2025-04-09 09:08:44
19486,inomax/busdevoltaje,3759.0,2025-04-09 09:08:48
19487,inomax/temperaturaVariador,311.0,2025-04-09 09:08:48
19488,sensor/temperatura/rasberry,37.6,2025-04-09 09:08:49
19489,sensor/temperatura/rasberry,37.0,2025-04-09 09:08:54
19490,inomax/temperaturaVariador,311.0,2025-04-09 09:08:56
19491,sensor/temperatura/tablero,231.0,2025-04-09 09:08:57
19492,sensor/temperatura/rasberry,37.6,2025-04-09 09:08:59
19493,inomax/busdevoltaje,3776.0,2025-04-09 09:09:01
19494,inomax/temperaturaVariador,311.0,2025-04-09 09:09:02
19495,sensor/temperatura/rasberry,37.6,2025-04-09 09:09:04
19496,sensor/temperatura/rasberry,38.1,2025-04-09 09:09:09
19497,inomax/temperaturaVariador,311.0,2025-04-09 09:09:10
19498,sensor/temperatura/tablero,231.0,2025-04-09 09:09:10
19499,sensor/temperatura/rasberry,37.0,2025-04-09 09:09:14
19500,inomax/busdevoltaje,3797.0,2025-04-09 09:09:15
19501,inomax/temperaturaVariador,311.0,2025-04-09 09:09:15
19502,sensor/temperatura/rasberry,37.6,2025-04-09 09:09:19
19503,inomax/temperaturaVariador,311.0,2025-04-09 09:09:23
19504,sensor/temperatura/tablero,231.0,2025-04-09 09:09:23
19505,sensor/temperatura/rasberry,37.6,2025-04-09 09:09:24
19506,inomax/busdevoltaje,3835.0,2025-04-09 09:09:28
19507,inomax/temperaturaVariador,311.0,2025-04-09 09:09:28
19508,sensor/temperatura/rasberry,37.6,2025-04-09 09:09:29
19509,sensor/temperatura/rasberry,37.6,2025-04-09 09:09:34
19510,inomax/temperaturaVariador,311.0,2025-04-09 09:09:36
19511,sensor/temperatura/tablero,231.0,2025-04-09 09:09:36
19512,sensor/temperatura/rasberry,37.6,2025-04-09 09:09:39
19513,inomax/busdevoltaje,3830.0,2025-04-09 09:09:41
19514,inomax/temperaturaVariador,311.0,2025-04-09 09:09:41
19515,sensor/temperatura/rasberry,37.6,2025-04-09 09:09:44
19516,inomax/temperaturaVariador,311.0,2025-04-09 09:09:49
19517,sensor/temperatura/rasberry,37.6,2025-04-09 09:09:49
19518,sensor/temperatura/tablero,231.0,2025-04-09 09:09:49
19519,inomax/busdevoltaje,3796.0,2025-04-09 09:09:54
19520,sensor/temperatura/rasberry,37.6,2025-04-09 09:09:54
19521,inomax/temperaturaVariador,311.0,2025-04-09 09:09:54
19522,sensor/temperatura/rasberry,37.6,2025-04-09 09:09:59
19523,inomax/temperaturaVariador,311.0,2025-04-09 09:10:02
19524,sensor/temperatura/tablero,231.0,2025-04-09 09:10:03
19525,sensor/temperatura/rasberry,38.1,2025-04-09 09:10:04
19526,inomax/busdevoltaje,3748.0,2025-04-09 09:10:07
19527,sensor/temperatura/rasberry,37.6,2025-04-09 09:10:09
19528,sensor/temperatura/rasberry,37.6,2025-04-09 09:10:14
19529,inomax/temperaturaVariador,311.0,2025-04-09 09:10:16
19530,sensor/temperatura/tablero,231.0,2025-04-09 09:10:16
19531,sensor/temperatura/rasberry,38.1,2025-04-09 09:10:19
19532,inomax/busdevoltaje,3739.0,2025-04-09 09:10:21
19533,inomax/temperaturaVariador,311.0,2025-04-09 09:10:21
19534,sensor/temperatura/rasberry,36.5,2025-04-09 09:10:24
19535,inomax/temperaturaVariador,311.0,2025-04-09 09:10:29
19536,sensor/temperatura/tablero,231.0,2025-04-09 09:10:29
19537,sensor/temperatura/rasberry,37.0,2025-04-09 09:10:29
19538,inomax/busdevoltaje,3752.0,2025-04-09 09:10:34
19539,inomax/temperaturaVariador,311.0,2025-04-09 09:10:34
19540,sensor/temperatura/rasberry,37.6,2025-04-09 09:10:34
19541,sensor/temperatura/rasberry,37.0,2025-04-09 09:10:39
19542,inomax/temperaturaVariador,311.0,2025-04-09 09:10:42
19543,sensor/temperatura/tablero,231.0,2025-04-09 09:10:42
19544,sensor/temperatura/rasberry,37.6,2025-04-09 09:10:44
19545,inomax/busdevoltaje,3756.0,2025-04-09 09:10:47
19546,inomax/temperaturaVariador,311.0,2025-04-09 09:10:47
19547,sensor/temperatura/rasberry,37.0,2025-04-09 09:10:49
19548,sensor/temperatura/rasberry,37.0,2025-04-09 09:10:54
19549,inomax/temperaturaVariador,311.0,2025-04-09 09:10:55
19550,sensor/temperatura/tablero,231.0,2025-04-09 09:10:56
19551,sensor/temperatura/rasberry,37.6,2025-04-09 09:10:59
19552,inomax/busdevoltaje,3767.0,2025-04-09 09:11:00
19553,inomax/temperaturaVariador,311.0,2025-04-09 09:11:01
19554,sensor/temperatura/rasberry,37.6,2025-04-09 09:11:04
19555,inomax/temperaturaVariador,312.0,2025-04-09 09:11:09
19556,sensor/temperatura/tablero,231.0,2025-04-09 09:11:09
19557,sensor/temperatura/rasberry,37.6,2025-04-09 09:11:09
19558,inomax/busdevoltaje,3802.0,2025-04-09 09:11:14
19559,inomax/temperaturaVariador,311.0,2025-04-09 09:11:14
19560,sensor/temperatura/rasberry,37.6,2025-04-09 09:11:14
19561,sensor/temperatura/rasberry,37.6,2025-04-09 09:11:19
19562,inomax/temperaturaVariador,311.0,2025-04-09 09:11:22
19563,sensor/temperatura/tablero,231.0,2025-04-09 09:11:22
19564,sensor/temperatura/rasberry,37.6,2025-04-09 09:11:24
19565,inomax/busdevoltaje,3832.0,2025-04-09 09:11:27
19566,inomax/temperaturaVariador,311.0,2025-04-09 09:11:27
19567,sensor/temperatura/rasberry,37.6,2025-04-09 09:11:29
19568,sensor/temperatura/rasberry,37.6,2025-04-09 09:11:35
19569,inomax/temperaturaVariador,311.0,2025-04-09 09:11:35
19570,sensor/temperatura/tablero,231.0,2025-04-09 09:11:35
19571,sensor/temperatura/rasberry,37.6,2025-04-09 09:11:40
19572,inomax/busdevoltaje,3828.0,2025-04-09 09:11:40
19573,inomax/temperaturaVariador,312.0,2025-04-09 09:11:40
19574,sensor/temperatura/rasberry,37.6,2025-04-09 09:11:45
19575,inomax/temperaturaVariador,312.0,2025-04-09 09:11:48
19576,sensor/temperatura/tablero,231.0,2025-04-09 09:11:48
19577,sensor/temperatura/rasberry,37.0,2025-04-09 09:11:50
19578,inomax/busdevoltaje,3809.0,2025-04-09 09:11:53
19579,inomax/temperaturaVariador,312.0,2025-04-09 09:11:53
19580,sensor/temperatura/rasberry,37.6,2025-04-09 09:11:55
19581,sensor/temperatura/rasberry,37.6,2025-04-09 09:12:00
19582,inomax/temperaturaVariador,312.0,2025-04-09 09:12:01
19583,sensor/temperatura/tablero,231.0,2025-04-09 09:12:02
19584,sensor/temperatura/rasberry,37.6,2025-04-09 09:12:05
19585,inomax/busdevoltaje,3808.0,2025-04-09 09:12:06
19586,inomax/temperaturaVariador,312.0,2025-04-09 09:12:07
19587,sensor/temperatura/rasberry,37.6,2025-04-09 09:12:10
19588,sensor/temperatura/rasberry,37.6,2025-04-09 09:12:15
19589,inomax/temperaturaVariador,312.0,2025-04-09 09:12:15
19590,sensor/temperatura/tablero,232.0,2025-04-09 09:12:15
19591,sensor/temperatura/rasberry,37.6,2025-04-09 09:12:20
19592,inomax/busdevoltaje,3761.0,2025-04-09 09:12:20
19593,inomax/temperaturaVariador,312.0,2025-04-09 09:12:20
19594,sensor/temperatura/rasberry,37.6,2025-04-09 09:12:25
19595,inomax/temperaturaVariador,312.0,2025-04-09 09:12:28
19596,sensor/temperatura/tablero,231.0,2025-04-09 09:12:28
19597,sensor/temperatura/rasberry,37.6,2025-04-09 09:12:30
19598,inomax/busdevoltaje,3785.0,2025-04-09 09:12:33
19599,inomax/temperaturaVariador,312.0,2025-04-09 09:12:33
19600,sensor/temperatura/rasberry,37.6,2025-04-09 09:12:35
19601,sensor/temperatura/rasberry,37.6,2025-04-09 09:12:40
19602,inomax/temperaturaVariador,312.0,2025-04-09 09:12:41
19603,sensor/temperatura/tablero,232.0,2025-04-09 09:12:41
19604,sensor/temperatura/rasberry,37.6,2025-04-09 09:12:45
19605,inomax/busdevoltaje,3781.0,2025-04-09 09:12:46
19606,inomax/temperaturaVariador,312.0,2025-04-09 09:12:46
19607,sensor/temperatura/rasberry,37.6,2025-04-09 09:12:50
19608,inomax/temperaturaVariador,312.0,2025-04-09 09:12:54
19609,sensor/temperatura/rasberry,37.6,2025-04-09 09:12:55
19610,sensor/temperatura/tablero,232.0,2025-04-09 09:12:55
19611,inomax/busdevoltaje,3719.0,2025-04-09 09:12:59
19612,sensor/temperatura/rasberry,37.6,2025-04-09 09:13:00
19613,inomax/temperaturaVariador,312.0,2025-04-09 09:13:00
19614,sensor/temperatura/rasberry,37.6,2025-04-09 09:13:05
19615,inomax/temperaturaVariador,312.0,2025-04-09 09:13:08
19616,sensor/temperatura/tablero,232.0,2025-04-09 09:13:08
19617,sensor/temperatura/rasberry,37.6,2025-04-09 09:13:10
19618,inomax/busdevoltaje,3722.0,2025-04-09 09:13:13
19619,inomax/temperaturaVariador,312.0,2025-04-09 09:13:13
19620,sensor/temperatura/rasberry,37.6,2025-04-09 09:13:15
19621,sensor/temperatura/rasberry,37.6,2025-04-09 09:13:20
19622,inomax/temperaturaVariador,312.0,2025-04-09 09:13:21
19623,sensor/temperatura/tablero,232.0,2025-04-09 09:13:21
19624,sensor/temperatura/rasberry,37.6,2025-04-09 09:13:25
19625,inomax/busdevoltaje,3722.0,2025-04-09 09:13:26
19626,inomax/temperaturaVariador,312.0,2025-04-09 09:13:26
19627,sensor/temperatura/rasberry,38.1,2025-04-09 09:13:30
19628,inomax/temperaturaVariador,312.0,2025-04-09 09:13:34
19629,sensor/temperatura/tablero,232.0,2025-04-09 09:13:34
19630,sensor/temperatura/rasberry,37.6,2025-04-09 09:13:35
19631,inomax/busdevoltaje,3739.0,2025-04-09 09:13:39
19632,inomax/temperaturaVariador,312.0,2025-04-09 09:13:39
19633,sensor/temperatura/rasberry,37.6,2025-04-09 09:13:40
19634,sensor/temperatura/rasberry,37.6,2025-04-09 09:13:45
19635,inomax/temperaturaVariador,312.0,2025-04-09 09:13:47
19636,sensor/temperatura/tablero,232.0,2025-04-09 09:13:47
19637,sensor/temperatura/rasberry,37.6,2025-04-09 09:13:50
19638,inomax/temperaturaVariador,312.0,2025-04-09 09:13:53
19639,sensor/temperatura/rasberry,38.1,2025-04-09 09:13:55
19640,sensor/temperatura/rasberry,37.6,2025-04-09 09:14:00
19641,inomax/temperaturaVariador,312.0,2025-04-09 09:14:00
19642,sensor/temperatura/tablero,232.0,2025-04-09 09:14:01
19643,sensor/temperatura/rasberry,37.6,2025-04-09 09:14:05
19644,inomax/busdevoltaje,3803.0,2025-04-09 09:14:05
19645,inomax/temperaturaVariador,312.0,2025-04-09 09:14:06
19646,sensor/temperatura/rasberry,37.6,2025-04-09 09:14:10
19647,inomax/temperaturaVariador,312.0,2025-04-09 09:14:14
19648,sensor/temperatura/tablero,232.0,2025-04-09 09:14:14
19649,sensor/temperatura/rasberry,37.6,2025-04-09 09:14:15
19650,inomax/busdevoltaje,3786.0,2025-04-09 09:14:19
19651,inomax/temperaturaVariador,312.0,2025-04-09 09:14:19
19652,sensor/temperatura/rasberry,37.6,2025-04-09 09:14:20
19653,sensor/temperatura/rasberry,37.6,2025-04-09 09:14:25
19654,inomax/temperaturaVariador,312.0,2025-04-09 09:14:27
19655,sensor/temperatura/tablero,232.0,2025-04-09 09:14:27
19656,sensor/temperatura/rasberry,37.0,2025-04-09 09:14:30
19657,inomax/busdevoltaje,3793.0,2025-04-09 09:14:32
19658,inomax/temperaturaVariador,312.0,2025-04-09 09:14:32
19659,sensor/temperatura/rasberry,37.6,2025-04-09 09:14:35
19660,sensor/temperatura/rasberry,37.6,2025-04-09 09:14:40
19661,inomax/temperaturaVariador,312.0,2025-04-09 09:14:40
19662,sensor/temperatura/tablero,232.0,2025-04-09 09:14:40
19663,sensor/temperatura/rasberry,36.5,2025-04-09 09:14:45
19664,inomax/busdevoltaje,3793.0,2025-04-09 09:14:45
19665,inomax/temperaturaVariador,312.0,2025-04-09 09:14:45
19666,sensor/temperatura/rasberry,38.1,2025-04-09 09:14:50
19667,inomax/temperaturaVariador,312.0,2025-04-09 09:14:53
19668,sensor/temperatura/tablero,232.0,2025-04-09 09:14:53
19669,sensor/temperatura/rasberry,37.0,2025-04-09 09:14:55
19670,inomax/busdevoltaje,3779.0,2025-04-09 09:14:58
19671,inomax/temperaturaVariador,312.0,2025-04-09 09:14:58
19672,sensor/temperatura/rasberry,37.6,2025-04-09 09:15:00
19673,sensor/temperatura/rasberry,37.6,2025-04-09 09:15:05
19674,inomax/temperaturaVariador,312.0,2025-04-09 09:15:07
19675,sensor/temperatura/tablero,232.0,2025-04-09 09:15:07
19676,sensor/temperatura/rasberry,37.0,2025-04-09 09:15:10
19677,inomax/busdevoltaje,3788.0,2025-04-09 09:15:12
19678,inomax/temperaturaVariador,312.0,2025-04-09 09:15:12
19679,sensor/temperatura/rasberry,38.1,2025-04-09 09:15:15
19680,sensor/temperatura/rasberry,37.0,2025-04-09 09:15:20
19681,inomax/temperaturaVariador,312.0,2025-04-09 09:15:20
19682,sensor/temperatura/tablero,232.0,2025-04-09 09:15:20
19683,sensor/temperatura/rasberry,38.1,2025-04-09 09:15:25
19684,inomax/busdevoltaje,3763.0,2025-04-09 09:15:25
19685,sensor/temperatura/rasberry,37.6,2025-04-09 09:15:30
19686,inomax/temperaturaVariador,312.0,2025-04-09 09:15:33
19687,sensor/temperatura/tablero,232.0,2025-04-09 09:15:33
19688,sensor/temperatura/rasberry,37.6,2025-04-09 09:15:35
19689,inomax/busdevoltaje,3744.0,2025-04-09 09:15:38
19690,inomax/temperaturaVariador,312.0,2025-04-09 09:15:38
19691,sensor/temperatura/rasberry,37.0,2025-04-09 09:15:40
19692,sensor/temperatura/rasberry,37.6,2025-04-09 09:15:45
19693,inomax/temperaturaVariador,312.0,2025-04-09 09:15:46
19694,sensor/temperatura/tablero,232.0,2025-04-09 09:15:46
19695,sensor/temperatura/rasberry,37.6,2025-04-09 09:15:50
19696,inomax/busdevoltaje,3782.0,2025-04-09 09:15:51
19697,inomax/temperaturaVariador,312.0,2025-04-09 09:15:51
19698,sensor/temperatura/rasberry,37.6,2025-04-09 09:15:55
19699,inomax/temperaturaVariador,312.0,2025-04-09 09:15:59
19700,sensor/temperatura/tablero,232.0,2025-04-09 09:16:00
19701,sensor/temperatura/rasberry,37.6,2025-04-09 09:16:00
19702,inomax/busdevoltaje,3760.0,2025-04-09 09:16:04
19703,inomax/temperaturaVariador,312.0,2025-04-09 09:16:05
19704,sensor/temperatura/rasberry,38.1,2025-04-09 09:16:05
19705,sensor/temperatura/rasberry,37.6,2025-04-09 09:16:10
19706,inomax/temperaturaVariador,312.0,2025-04-09 09:16:13
19707,sensor/temperatura/tablero,232.0,2025-04-09 09:16:13
19708,sensor/temperatura/rasberry,37.6,2025-04-09 09:16:15
19709,inomax/busdevoltaje,3781.0,2025-04-09 09:16:18
19710,inomax/temperaturaVariador,312.0,2025-04-09 09:16:18
19711,sensor/temperatura/rasberry,37.6,2025-04-09 09:16:20
19712,sensor/temperatura/rasberry,37.6,2025-04-09 09:16:25
19713,inomax/temperaturaVariador,312.0,2025-04-09 09:16:26
19714,sensor/temperatura/tablero,232.0,2025-04-09 09:16:26
19715,sensor/temperatura/rasberry,37.6,2025-04-09 09:16:30
19716,inomax/busdevoltaje,3777.0,2025-04-09 09:16:31
19717,inomax/temperaturaVariador,312.0,2025-04-09 09:16:31
19718,sensor/temperatura/rasberry,38.1,2025-04-09 09:16:35
19719,inomax/temperaturaVariador,312.0,2025-04-09 09:16:39
19720,sensor/temperatura/tablero,233.0,2025-04-09 09:16:39
19721,sensor/temperatura/rasberry,37.6,2025-04-09 09:16:40
19722,inomax/temperaturaVariador,312.0,2025-04-09 09:16:44
19723,inomax/busdevoltaje,3776.0,2025-04-09 09:16:44
19724,sensor/temperatura/rasberry,37.6,2025-04-09 09:16:45
19725,sensor/temperatura/rasberry,37.6,2025-04-09 09:16:50
19726,inomax/temperaturaVariador,312.0,2025-04-09 09:16:52
19727,sensor/temperatura/tablero,233.0,2025-04-09 09:16:52
19728,sensor/temperatura/rasberry,37.0,2025-04-09 09:16:55
19729,inomax/busdevoltaje,3772.0,2025-04-09 09:16:57
19730,inomax/temperaturaVariador,312.0,2025-04-09 09:16:57
19731,sensor/temperatura/rasberry,37.6,2025-04-09 09:17:00
19732,sensor/temperatura/rasberry,37.6,2025-04-09 09:17:05
19733,inomax/temperaturaVariador,312.0,2025-04-09 09:17:05
19734,sensor/temperatura/tablero,233.0,2025-04-09 09:17:06
19735,sensor/temperatura/rasberry,37.6,2025-04-09 09:17:10
19736,inomax/busdevoltaje,3772.0,2025-04-09 09:17:10
19737,inomax/temperaturaVariador,312.0,2025-04-09 09:17:11
19738,sensor/temperatura/rasberry,37.6,2025-04-09 09:17:15
19739,inomax/temperaturaVariador,312.0,2025-04-09 09:17:19
19740,sensor/temperatura/tablero,233.0,2025-04-09 09:17:19
19741,sensor/temperatura/rasberry,37.6,2025-04-09 09:17:20
19742,inomax/busdevoltaje,3770.0,2025-04-09 09:17:24
19743,sensor/temperatura/rasberry,38.1,2025-04-09 09:17:25
19744,sensor/temperatura/rasberry,37.0,2025-04-09 09:17:30
19745,inomax/temperaturaVariador,312.0,2025-04-09 09:17:32
19746,sensor/temperatura/tablero,233.0,2025-04-09 09:17:32
19747,sensor/temperatura/rasberry,37.6,2025-04-09 09:17:35
19748,inomax/busdevoltaje,3758.0,2025-04-09 09:17:37
19749,inomax/temperaturaVariador,312.0,2025-04-09 09:17:37
19750,sensor/temperatura/rasberry,37.6,2025-04-09 09:17:40
19751,sensor/temperatura/rasberry,37.0,2025-04-09 09:17:45
19752,inomax/temperaturaVariador,313.0,2025-04-09 09:17:45
19753,sensor/temperatura/tablero,233.0,2025-04-09 09:17:45
19754,sensor/temperatura/rasberry,37.6,2025-04-09 09:17:50
19755,inomax/busdevoltaje,3757.0,2025-04-09 09:17:50
19756,inomax/temperaturaVariador,313.0,2025-04-09 09:17:50
19757,sensor/temperatura/rasberry,37.6,2025-04-09 09:17:55
19758,inomax/temperaturaVariador,313.0,2025-04-09 09:17:58
19759,sensor/temperatura/tablero,233.0,2025-04-09 09:17:59
19760,sensor/temperatura/rasberry,37.6,2025-04-09 09:18:00
19761,inomax/busdevoltaje,3757.0,2025-04-09 09:18:03
19762,inomax/temperaturaVariador,313.0,2025-04-09 09:18:04
19763,sensor/temperatura/rasberry,37.0,2025-04-09 09:18:05
19764,sensor/temperatura/rasberry,37.0,2025-04-09 09:18:10
19765,inomax/temperaturaVariador,313.0,2025-04-09 09:18:12
19766,sensor/temperatura/tablero,233.0,2025-04-09 09:18:12
19767,sensor/temperatura/rasberry,37.6,2025-04-09 09:18:15
19768,inomax/busdevoltaje,3754.0,2025-04-09 09:18:17
19769,inomax/temperaturaVariador,313.0,2025-04-09 09:18:17
19770,sensor/temperatura/rasberry,38.1,2025-04-09 09:18:20
19771,sensor/temperatura/rasberry,37.6,2025-04-09 09:18:25
19772,inomax/temperaturaVariador,313.0,2025-04-09 09:18:25
19773,sensor/temperatura/tablero,233.0,2025-04-09 09:18:25
19774,sensor/temperatura/rasberry,37.6,2025-04-09 09:18:30
19775,inomax/busdevoltaje,3752.0,2025-04-09 09:18:30
19776,inomax/temperaturaVariador,313.0,2025-04-09 09:18:30
19777,sensor/temperatura/rasberry,37.6,2025-04-09 09:18:35
19778,inomax/temperaturaVariador,313.0,2025-04-09 09:18:38
19779,sensor/temperatura/tablero,233.0,2025-04-09 09:18:38
19780,sensor/temperatura/rasberry,37.6,2025-04-09 09:18:40
19781,inomax/busdevoltaje,3750.0,2025-04-09 09:18:43
19782,inomax/temperaturaVariador,313.0,2025-04-09 09:18:43
19783,sensor/temperatura/rasberry,37.6,2025-04-09 09:18:45
19784,sensor/temperatura/rasberry,37.6,2025-04-09 09:18:50
19785,inomax/temperaturaVariador,313.0,2025-04-09 09:18:51
19786,sensor/temperatura/tablero,233.0,2025-04-09 09:18:51
19787,sensor/temperatura/rasberry,37.6,2025-04-09 09:18:55
19788,inomax/busdevoltaje,3749.0,2025-04-09 09:18:56
19789,inomax/temperaturaVariador,313.0,2025-04-09 09:18:56
19790,sensor/temperatura/rasberry,38.1,2025-04-09 09:19:00
19791,inomax/temperaturaVariador,313.0,2025-04-09 09:19:04
19792,sensor/temperatura/tablero,233.0,2025-04-09 09:19:05
19793,sensor/temperatura/rasberry,38.1,2025-04-09 09:19:05
19794,inomax/busdevoltaje,3746.0,2025-04-09 09:19:09
19795,inomax/temperaturaVariador,313.0,2025-04-09 09:19:10
19796,sensor/temperatura/rasberry,37.6,2025-04-09 09:19:10
19797,sensor/temperatura/rasberry,37.6,2025-04-09 09:19:15
19798,inomax/temperaturaVariador,313.0,2025-04-09 09:19:18
19799,sensor/temperatura/tablero,233.0,2025-04-09 09:19:18
19800,sensor/temperatura/rasberry,38.1,2025-04-09 09:19:20
19801,inomax/busdevoltaje,3746.0,2025-04-09 09:19:23
19802,inomax/temperaturaVariador,313.0,2025-04-09 09:19:23
19803,sensor/temperatura/rasberry,37.6,2025-04-09 09:19:25
19804,sensor/temperatura/rasberry,38.1,2025-04-09 09:19:30
19805,inomax/temperaturaVariador,313.0,2025-04-09 09:19:31
19806,sensor/temperatura/tablero,233.0,2025-04-09 09:19:31
19807,sensor/temperatura/rasberry,37.6,2025-04-09 09:19:35
19808,inomax/busdevoltaje,3746.0,2025-04-09 09:19:36
19809,inomax/temperaturaVariador,313.0,2025-04-09 09:19:36
19810,sensor/temperatura/rasberry,38.1,2025-04-09 09:19:40
19811,inomax/temperaturaVariador,313.0,2025-04-09 09:19:44
19812,sensor/temperatura/tablero,233.0,2025-04-09 09:19:44
19813,sensor/temperatura/rasberry,37.6,2025-04-09 09:19:45
19814,inomax/busdevoltaje,3744.0,2025-04-09 09:19:49
19815,inomax/temperaturaVariador,313.0,2025-04-09 09:19:49
19816,sensor/temperatura/rasberry,37.6,2025-04-09 09:19:50
19817,sensor/temperatura/rasberry,38.1,2025-04-09 09:19:55
19818,inomax/temperaturaVariador,313.0,2025-04-09 09:19:57
19819,sensor/temperatura/tablero,234.0,2025-04-09 09:19:57
19820,sensor/temperatura/rasberry,37.6,2025-04-09 09:20:00
19821,inomax/busdevoltaje,3748.0,2025-04-09 09:20:02
19822,inomax/temperaturaVariador,313.0,2025-04-09 09:20:02
19823,sensor/temperatura/rasberry,37.6,2025-04-09 09:20:05
19824,sensor/temperatura/rasberry,37.6,2025-04-09 09:20:10
19825,inomax/temperaturaVariador,313.0,2025-04-09 09:20:11
19826,sensor/temperatura/tablero,234.0,2025-04-09 09:20:11
19827,sensor/temperatura/rasberry,37.6,2025-04-09 09:20:15
19828,inomax/busdevoltaje,3751.0,2025-04-09 09:20:16
19829,inomax/temperaturaVariador,313.0,2025-04-09 09:20:16
19830,sensor/temperatura/rasberry,37.6,2025-04-09 09:20:20
19831,inomax/temperaturaVariador,313.0,2025-04-09 09:20:24
19832,sensor/temperatura/tablero,234.0,2025-04-09 09:20:24
19833,sensor/temperatura/rasberry,37.6,2025-04-09 09:20:25
19834,inomax/busdevoltaje,3752.0,2025-04-09 09:20:29
19835,inomax/temperaturaVariador,313.0,2025-04-09 09:20:29
19836,sensor/temperatura/rasberry,37.6,2025-04-09 09:20:30
19837,sensor/temperatura/rasberry,37.6,2025-04-09 09:20:35
19838,inomax/temperaturaVariador,313.0,2025-04-09 09:20:37
19839,sensor/temperatura/tablero,234.0,2025-04-09 09:20:37
19840,sensor/temperatura/rasberry,37.0,2025-04-09 09:20:40
19841,inomax/busdevoltaje,3758.0,2025-04-09 09:20:42
19842,inomax/temperaturaVariador,313.0,2025-04-09 09:20:42
19843,sensor/temperatura/rasberry,37.6,2025-04-09 09:20:45
19844,sensor/temperatura/rasberry,38.6,2025-04-09 09:20:50
19845,inomax/temperaturaVariador,313.0,2025-04-09 09:20:50
19846,sensor/temperatura/tablero,234.0,2025-04-09 09:20:50
19847,sensor/temperatura/rasberry,38.6,2025-04-09 09:20:55
19848,inomax/busdevoltaje,3759.0,2025-04-09 09:20:55
19849,sensor/temperatura/rasberry,39.2,2025-04-09 09:21:00
19850,inomax/temperaturaVariador,313.0,2025-04-09 09:21:03
19851,sensor/temperatura/tablero,234.0,2025-04-09 09:21:04
19852,sensor/temperatura/rasberry,38.6,2025-04-09 09:21:05
19853,inomax/busdevoltaje,3760.0,2025-04-09 09:21:08
19854,sensor/temperatura/rasberry,39.2,2025-04-09 09:21:10
19855,sensor/temperatura/rasberry,38.6,2025-04-09 09:21:15
19856,inomax/temperaturaVariador,313.0,2025-04-09 09:21:17
19857,sensor/temperatura/tablero,234.0,2025-04-09 09:21:17
19858,sensor/temperatura/rasberry,37.6,2025-04-09 09:21:20
19859,inomax/busdevoltaje,3762.0,2025-04-09 09:21:22
19860,inomax/temperaturaVariador,313.0,2025-04-09 09:21:22
19861,sensor/temperatura/rasberry,38.6,2025-04-09 09:21:25
19862,sensor/temperatura/rasberry,38.1,2025-04-09 09:21:30
19863,inomax/temperaturaVariador,313.0,2025-04-09 09:21:30
19864,sensor/temperatura/tablero,234.0,2025-04-09 09:21:30
19865,sensor/temperatura/rasberry,38.6,2025-04-09 09:21:35
19866,inomax/busdevoltaje,3763.0,2025-04-09 09:21:35
19867,inomax/temperaturaVariador,313.0,2025-04-09 09:21:35
19868,sensor/temperatura/tablero,234.0,2025-04-09 09:21:35
19869,sensor/temperatura/rasberry,38.1,2025-04-09 09:21:40
19870,inomax/temperaturaVariador,313.0,2025-04-09 09:21:40
19871,sensor/temperatura/tablero,234.0,2025-04-09 09:21:40
19872,sensor/temperatura/rasberry,37.6,2025-04-09 09:21:45
19873,inomax/busdevoltaje,3762.0,2025-04-09 09:21:45
19874,inomax/temperaturaVariador,313.0,2025-04-09 09:21:45
19875,sensor/temperatura/rasberry,37.6,2025-04-09 09:21:50
19876,inomax/temperaturaVariador,313.0,2025-04-09 09:21:53
19877,sensor/temperatura/tablero,234.0,2025-04-09 09:21:53
19878,sensor/temperatura/rasberry,38.1,2025-04-09 09:21:55
19879,inomax/busdevoltaje,3749.0,2025-04-09 09:21:58
19880,inomax/temperaturaVariador,313.0,2025-04-09 09:21:58
19881,sensor/temperatura/rasberry,38.6,2025-04-09 09:22:00
19882,sensor/temperatura/rasberry,38.1,2025-04-09 09:22:05
19883,inomax/temperaturaVariador,313.0,2025-04-09 09:22:06
19884,sensor/temperatura/tablero,234.0,2025-04-09 09:22:06
19885,sensor/temperatura/rasberry,37.6,2025-04-09 09:22:10
19886,inomax/busdevoltaje,3763.0,2025-04-09 09:22:11
19887,inomax/temperaturaVariador,313.0,2025-04-09 09:22:11
19888,sensor/temperatura/rasberry,37.6,2025-04-09 09:22:15
19889,inomax/temperaturaVariador,313.0,2025-04-09 09:22:20
19890,sensor/temperatura/tablero,234.0,2025-04-09 09:22:20
19891,sensor/temperatura/rasberry,37.6,2025-04-09 09:22:20
19892,inomax/busdevoltaje,3759.0,2025-04-09 09:22:25
19893,inomax/temperaturaVariador,313.0,2025-04-09 09:22:25
19894,sensor/temperatura/rasberry,37.6,2025-04-09 09:22:25
19895,sensor/temperatura/rasberry,37.6,2025-04-09 09:22:30
19896,inomax/temperaturaVariador,313.0,2025-04-09 09:22:33
19897,sensor/temperatura/tablero,234.0,2025-04-09 09:22:33
19898,sensor/temperatura/rasberry,38.1,2025-04-09 09:22:35
19899,inomax/busdevoltaje,3749.0,2025-04-09 09:22:38
19900,inomax/temperaturaVariador,313.0,2025-04-09 09:22:38
19901,sensor/temperatura/rasberry,37.0,2025-04-09 09:22:40
19902,sensor/temperatura/rasberry,37.6,2025-04-09 09:22:45
19903,inomax/temperaturaVariador,313.0,2025-04-09 09:22:46
19904,sensor/temperatura/tablero,234.0,2025-04-09 09:22:46
19905,sensor/temperatura/rasberry,38.1,2025-04-09 09:22:50
19906,inomax/temperaturaVariador,313.0,2025-04-09 09:22:51
19907,inomax/busdevoltaje,3738.0,2025-04-09 09:22:51
19908,sensor/temperatura/rasberry,37.6,2025-04-09 09:22:55
19909,inomax/temperaturaVariador,313.0,2025-04-09 09:22:59
19910,sensor/temperatura/tablero,234.0,2025-04-09 09:22:59
19911,sensor/temperatura/rasberry,38.1,2025-04-09 09:23:00
19912,inomax/busdevoltaje,3754.0,2025-04-09 09:23:04
19913,inomax/temperaturaVariador,313.0,2025-04-09 09:23:04
19914,sensor/temperatura/rasberry,37.0,2025-04-09 09:23:05
19915,sensor/temperatura/rasberry,37.6,2025-04-09 09:23:10
19916,inomax/temperaturaVariador,313.0,2025-04-09 09:23:12
19917,sensor/temperatura/tablero,234.0,2025-04-09 09:23:13
19918,sensor/temperatura/rasberry,37.6,2025-04-09 09:23:15
19919,inomax/busdevoltaje,3755.0,2025-04-09 09:23:17
19920,inomax/temperaturaVariador,313.0,2025-04-09 09:23:18
19921,sensor/temperatura/rasberry,37.6,2025-04-09 09:23:20
19922,sensor/temperatura/rasberry,38.1,2025-04-09 09:23:25
19923,inomax/temperaturaVariador,313.0,2025-04-09 09:23:26
19924,sensor/temperatura/tablero,234.0,2025-04-09 09:23:26
19925,sensor/temperatura/rasberry,37.6,2025-04-09 09:23:30
19926,inomax/busdevoltaje,3753.0,2025-04-09 09:23:31
19927,inomax/temperaturaVariador,314.0,2025-04-09 09:23:31
19928,sensor/temperatura/rasberry,37.6,2025-04-09 09:23:35
19929,inomax/temperaturaVariador,313.0,2025-04-09 09:23:39
19930,sensor/temperatura/tablero,235.0,2025-04-09 09:23:39
19931,sensor/temperatura/rasberry,38.1,2025-04-09 09:23:40
19932,inomax/busdevoltaje,3753.0,2025-04-09 09:23:44
19933,inomax/temperaturaVariador,314.0,2025-04-09 09:23:44
19934,sensor/temperatura/rasberry,37.6,2025-04-09 09:23:45
19935,sensor/temperatura/rasberry,37.6,2025-04-09 09:23:50
19936,inomax/temperaturaVariador,314.0,2025-04-09 09:23:52
19937,sensor/temperatura/tablero,235.0,2025-04-09 09:23:52
19938,sensor/temperatura/rasberry,37.6,2025-04-09 09:23:55
19939,inomax/busdevoltaje,3712.0,2025-04-09 09:23:57
19940,inomax/temperaturaVariador,314.0,2025-04-09 09:23:57
19941,sensor/temperatura/rasberry,37.6,2025-04-09 09:24:00
19942,sensor/temperatura/rasberry,37.6,2025-04-09 09:24:05
19943,inomax/temperaturaVariador,314.0,2025-04-09 09:24:05
19944,sensor/temperatura/tablero,234.0,2025-04-09 09:24:05
19945,sensor/temperatura/rasberry,38.6,2025-04-09 09:24:10
19946,inomax/busdevoltaje,3720.0,2025-04-09 09:24:10
19947,inomax/temperaturaVariador,314.0,2025-04-09 09:24:10
19948,sensor/temperatura/rasberry,37.6,2025-04-09 09:24:15
19949,inomax/temperaturaVariador,314.0,2025-04-09 09:24:18
19950,sensor/temperatura/tablero,235.0,2025-04-09 09:24:19
19951,sensor/temperatura/rasberry,38.1,2025-04-09 09:24:20
19952,inomax/busdevoltaje,3737.0,2025-04-09 09:24:23
19953,inomax/temperaturaVariador,314.0,2025-04-09 09:24:24
19954,sensor/temperatura/rasberry,37.6,2025-04-09 09:24:25
19955,sensor/temperatura/rasberry,37.6,2025-04-09 09:24:30
19956,inomax/temperaturaVariador,314.0,2025-04-09 09:24:32
19957,sensor/temperatura/tablero,235.0,2025-04-09 09:24:32
19958,sensor/temperatura/rasberry,38.1,2025-04-09 09:24:35
19959,inomax/busdevoltaje,3755.0,2025-04-09 09:24:37
19960,inomax/temperaturaVariador,314.0,2025-04-09 09:24:37
19961,sensor/temperatura/rasberry,37.0,2025-04-09 09:24:40
19962,sensor/temperatura/rasberry,38.1,2025-04-09 09:24:45
19963,inomax/temperaturaVariador,314.0,2025-04-09 09:24:45
19964,sensor/temperatura/tablero,235.0,2025-04-09 09:24:45
19965,sensor/temperatura/rasberry,37.6,2025-04-09 09:24:50
19966,inomax/busdevoltaje,3684.0,2025-04-09 09:24:50
19967,inomax/temperaturaVariador,314.0,2025-04-09 09:24:50
19968,sensor/temperatura/rasberry,38.1,2025-04-09 09:24:55
19969,inomax/temperaturaVariador,314.0,2025-04-09 09:24:58
19970,sensor/temperatura/tablero,235.0,2025-04-09 09:24:58
19971,sensor/temperatura/rasberry,38.1,2025-04-09 09:25:00
19972,inomax/busdevoltaje,3654.0,2025-04-09 09:25:03
19973,inomax/temperaturaVariador,314.0,2025-04-09 09:25:03
19974,sensor/temperatura/rasberry,37.6,2025-04-09 09:25:05
19975,sensor/temperatura/rasberry,37.6,2025-04-09 09:25:10
19976,inomax/temperaturaVariador,314.0,2025-04-09 09:25:11
19977,sensor/temperatura/tablero,235.0,2025-04-09 09:25:11
19978,sensor/temperatura/rasberry,37.6,2025-04-09 09:25:15
19979,inomax/busdevoltaje,3655.0,2025-04-09 09:25:16
19980,inomax/temperaturaVariador,314.0,2025-04-09 09:25:16
19981,sensor/temperatura/rasberry,37.6,2025-04-09 09:25:20
19982,inomax/temperaturaVariador,314.0,2025-04-09 09:25:25
19983,sensor/temperatura/tablero,235.0,2025-04-09 09:25:25
19984,sensor/temperatura/rasberry,37.6,2025-04-09 09:25:25
19985,inomax/busdevoltaje,3757.0,2025-04-09 09:25:30
19986,inomax/temperaturaVariador,314.0,2025-04-09 09:25:30
19987,sensor/temperatura/rasberry,37.6,2025-04-09 09:25:30
19988,sensor/temperatura/rasberry,37.6,2025-04-09 09:25:35
19989,inomax/temperaturaVariador,314.0,2025-04-09 09:25:38
19990,sensor/temperatura/tablero,235.0,2025-04-09 09:25:38
19991,sensor/temperatura/rasberry,37.6,2025-04-09 09:25:40
19992,inomax/busdevoltaje,3779.0,2025-04-09 09:25:43
19993,inomax/temperaturaVariador,314.0,2025-04-09 09:25:43
19994,sensor/temperatura/rasberry,37.6,2025-04-09 09:25:45
19995,sensor/temperatura/rasberry,38.1,2025-04-09 09:25:50
19996,inomax/temperaturaVariador,314.0,2025-04-09 09:25:51
19997,sensor/temperatura/tablero,235.0,2025-04-09 09:25:51
19998,sensor/temperatura/rasberry,37.6,2025-04-09 09:25:55
19999,inomax/busdevoltaje,3776.0,2025-04-09 09:25:56
20000,inomax/temperaturaVariador,314.0,2025-04-09 09:25:56
20001,sensor/temperatura/rasberry,37.6,2025-04-09 09:26:00
20002,inomax/temperaturaVariador,314.0,2025-04-09 09:26:04
20003,sensor/temperatura/tablero,235.0,2025-04-09 09:26:04
20004,sensor/temperatura/rasberry,37.6,2025-04-09 09:26:05
20005,inomax/busdevoltaje,3772.0,2025-04-09 09:26:09
20006,sensor/temperatura/rasberry,37.6,2025-04-09 09:26:10
20007,sensor/temperatura/rasberry,38.1,2025-04-09 09:26:15
20008,inomax/temperaturaVariador,314.0,2025-04-09 09:26:17
20009,sensor/temperatura/tablero,236.0,2025-04-09 09:26:18
20010,sensor/temperatura/rasberry,37.6,2025-04-09 09:26:20
20011,inomax/busdevoltaje,3771.0,2025-04-09 09:26:22
20012,inomax/temperaturaVariador,314.0,2025-04-09 09:26:23
20013,sensor/temperatura/rasberry,37.6,2025-04-09 09:26:25
20014,sensor/temperatura/rasberry,37.6,2025-04-09 09:26:30
20015,inomax/temperaturaVariador,314.0,2025-04-09 09:26:31
20016,sensor/temperatura/tablero,236.0,2025-04-09 09:26:31
20017,sensor/temperatura/rasberry,38.1,2025-04-09 09:26:35
20018,inomax/busdevoltaje,3772.0,2025-04-09 09:26:36
20019,inomax/temperaturaVariador,314.0,2025-04-09 09:26:36
20020,sensor/temperatura/rasberry,37.6,2025-04-09 09:26:40
20021,inomax/temperaturaVariador,314.0,2025-04-09 09:26:44
20022,sensor/temperatura/tablero,235.0,2025-04-09 09:26:44
20023,sensor/temperatura/rasberry,38.1,2025-04-09 09:26:45
20024,inomax/busdevoltaje,3772.0,2025-04-09 09:26:49
20025,inomax/temperaturaVariador,314.0,2025-04-09 09:26:49
20026,sensor/temperatura/rasberry,37.6,2025-04-09 09:26:50
20027,sensor/temperatura/rasberry,37.6,2025-04-09 09:26:55
20028,inomax/temperaturaVariador,314.0,2025-04-09 09:26:57
20029,sensor/temperatura/tablero,236.0,2025-04-09 09:26:57
20030,sensor/temperatura/rasberry,37.6,2025-04-09 09:27:00
20031,inomax/busdevoltaje,3770.0,2025-04-09 09:27:02
20032,inomax/temperaturaVariador,314.0,2025-04-09 09:27:02
20033,sensor/temperatura/rasberry,37.0,2025-04-09 09:27:05
20034,sensor/temperatura/rasberry,37.6,2025-04-09 09:27:10
20035,inomax/temperaturaVariador,314.0,2025-04-09 09:27:10
20036,sensor/temperatura/tablero,236.0,2025-04-09 09:27:10
20037,sensor/temperatura/rasberry,37.6,2025-04-09 09:27:15
20038,inomax/busdevoltaje,3766.0,2025-04-09 09:27:15
20039,sensor/temperatura/rasberry,37.6,2025-04-09 09:27:20
20040,inomax/temperaturaVariador,314.0,2025-04-09 09:27:23
20041,sensor/temperatura/tablero,236.0,2025-04-09 09:27:24
20042,sensor/temperatura/rasberry,37.6,2025-04-09 09:27:25
20043,inomax/busdevoltaje,3762.0,2025-04-09 09:27:29
20044,inomax/temperaturaVariador,314.0,2025-04-09 09:27:29
20045,sensor/temperatura/rasberry,37.6,2025-04-09 09:27:30
20046,sensor/temperatura/rasberry,37.6,2025-04-09 09:27:35
20047,inomax/temperaturaVariador,314.0,2025-04-09 09:27:37
20048,sensor/temperatura/tablero,236.0,2025-04-09 09:27:37
20049,sensor/temperatura/rasberry,37.6,2025-04-09 09:27:40
20050,inomax/busdevoltaje,3763.0,2025-04-09 09:27:42
20051,inomax/temperaturaVariador,314.0,2025-04-09 09:27:42
20052,sensor/temperatura/rasberry,37.6,2025-04-09 09:27:45
20053,sensor/temperatura/rasberry,37.6,2025-04-09 09:27:50
20054,inomax/temperaturaVariador,314.0,2025-04-09 09:27:50
20055,sensor/temperatura/tablero,236.0,2025-04-09 09:27:50
20056,sensor/temperatura/rasberry,37.6,2025-04-09 09:27:55
20057,inomax/busdevoltaje,3767.0,2025-04-09 09:27:55
20058,inomax/temperaturaVariador,314.0,2025-04-09 09:27:55
20059,sensor/temperatura/rasberry,38.1,2025-04-09 09:28:00
20060,inomax/temperaturaVariador,314.0,2025-04-09 09:28:03
20061,sensor/temperatura/tablero,236.0,2025-04-09 09:28:03
20062,sensor/temperatura/rasberry,37.6,2025-04-09 09:28:05
20063,inomax/busdevoltaje,3768.0,2025-04-09 09:28:08
20064,inomax/temperaturaVariador,314.0,2025-04-09 09:28:08
20065,sensor/temperatura/rasberry,37.6,2025-04-09 09:28:10
20066,sensor/temperatura/rasberry,37.6,2025-04-09 09:28:15
20067,inomax/temperaturaVariador,314.0,2025-04-09 09:28:16
20068,sensor/temperatura/tablero,236.0,2025-04-09 09:28:17
20069,sensor/temperatura/rasberry,37.0,2025-04-09 09:28:20
20070,inomax/busdevoltaje,3766.0,2025-04-09 09:28:21
20071,inomax/temperaturaVariador,314.0,2025-04-09 09:28:22
20072,sensor/temperatura/rasberry,37.6,2025-04-09 09:28:25
20073,inomax/temperaturaVariador,314.0,2025-04-09 09:28:30
20074,sensor/temperatura/tablero,236.0,2025-04-09 09:28:30
20075,sensor/temperatura/rasberry,37.6,2025-04-09 09:28:30
20076,inomax/busdevoltaje,3764.0,2025-04-09 09:28:35
20077,inomax/temperaturaVariador,314.0,2025-04-09 09:28:35
20078,sensor/temperatura/rasberry,37.6,2025-04-09 09:28:35
20079,sensor/temperatura/rasberry,37.0,2025-04-09 09:28:40
20080,inomax/temperaturaVariador,314.0,2025-04-09 09:28:43
20081,sensor/temperatura/tablero,236.0,2025-04-09 09:28:43
20082,sensor/temperatura/rasberry,38.1,2025-04-09 09:28:45
20083,inomax/busdevoltaje,3761.0,2025-04-09 09:28:48
20084,inomax/temperaturaVariador,314.0,2025-04-09 09:28:48
20085,sensor/temperatura/rasberry,37.6,2025-04-09 09:28:50
20086,sensor/temperatura/rasberry,37.6,2025-04-09 09:28:55
20087,inomax/temperaturaVariador,314.0,2025-04-09 09:28:56
20088,sensor/temperatura/tablero,236.0,2025-04-09 09:28:56
20089,sensor/temperatura/rasberry,37.6,2025-04-09 09:29:00
20090,inomax/busdevoltaje,3755.0,2025-04-09 09:29:01
20091,inomax/temperaturaVariador,314.0,2025-04-09 09:29:01
20092,sensor/temperatura/rasberry,37.6,2025-04-09 09:29:05
20093,inomax/temperaturaVariador,314.0,2025-04-09 09:29:09
20094,sensor/temperatura/tablero,236.0,2025-04-09 09:29:09
20095,sensor/temperatura/rasberry,37.6,2025-04-09 09:29:10
20096,inomax/busdevoltaje,3757.0,2025-04-09 09:29:14
20097,inomax/temperaturaVariador,314.0,2025-04-09 09:29:14
20098,sensor/temperatura/rasberry,37.6,2025-04-09 09:29:15
20099,sensor/temperatura/rasberry,37.6,2025-04-09 09:29:20
20100,inomax/temperaturaVariador,315.0,2025-04-09 09:29:22
20101,sensor/temperatura/tablero,236.0,2025-04-09 09:29:23
20102,sensor/temperatura/rasberry,37.6,2025-04-09 09:29:25
20103,inomax/busdevoltaje,3759.0,2025-04-09 09:29:27
20104,inomax/temperaturaVariador,314.0,2025-04-09 09:29:28
20105,sensor/temperatura/rasberry,37.6,2025-04-09 09:29:30
20106,sensor/temperatura/rasberry,37.6,2025-04-09 09:29:35
20107,inomax/temperaturaVariador,314.0,2025-04-09 09:29:36
20108,sensor/temperatura/tablero,236.0,2025-04-09 09:29:36
20109,sensor/temperatura/rasberry,38.1,2025-04-09 09:29:40
20110,inomax/busdevoltaje,3765.0,2025-04-09 09:29:41
20111,inomax/temperaturaVariador,315.0,2025-04-09 09:29:41
20112,sensor/temperatura/rasberry,37.6,2025-04-09 09:29:45
20113,inomax/temperaturaVariador,315.0,2025-04-09 09:29:49
20114,sensor/temperatura/tablero,236.0,2025-04-09 09:29:49
20115,sensor/temperatura/rasberry,37.6,2025-04-09 09:29:50
20116,inomax/busdevoltaje,3758.0,2025-04-09 09:29:54
20117,inomax/temperaturaVariador,315.0,2025-04-09 09:29:54
20118,sensor/temperatura/rasberry,37.0,2025-04-09 09:29:55
20119,sensor/temperatura/rasberry,37.6,2025-04-09 09:30:00
20120,inomax/temperaturaVariador,315.0,2025-04-09 09:30:02
20121,sensor/temperatura/tablero,236.0,2025-04-09 09:30:02
20122,sensor/temperatura/rasberry,37.6,2025-04-09 09:30:05
20123,inomax/busdevoltaje,3759.0,2025-04-09 09:30:07
20124,inomax/temperaturaVariador,315.0,2025-04-09 09:30:07
20125,sensor/temperatura/rasberry,37.6,2025-04-09 09:30:10
20126,sensor/temperatura/rasberry,37.6,2025-04-09 09:30:15
20127,inomax/temperaturaVariador,315.0,2025-04-09 09:30:15
20128,sensor/temperatura/tablero,236.0,2025-04-09 09:30:15
20129,sensor/temperatura/rasberry,37.6,2025-04-09 09:30:20
20130,inomax/busdevoltaje,3742.0,2025-04-09 09:30:20
20131,inomax/temperaturaVariador,315.0,2025-04-09 09:30:20
20132,sensor/temperatura/rasberry,37.6,2025-04-09 09:30:25
20133,inomax/temperaturaVariador,315.0,2025-04-09 09:30:29
20134,sensor/temperatura/tablero,236.0,2025-04-09 09:30:29
20135,sensor/temperatura/rasberry,37.6,2025-04-09 09:30:30
20136,inomax/busdevoltaje,3742.0,2025-04-09 09:30:34
20137,inomax/temperaturaVariador,315.0,2025-04-09 09:30:34
20138,sensor/temperatura/rasberry,38.1,2025-04-09 09:30:35
20139,sensor/temperatura/rasberry,37.6,2025-04-09 09:30:40
20140,inomax/temperaturaVariador,315.0,2025-04-09 09:30:42
20141,sensor/temperatura/tablero,236.0,2025-04-09 09:30:42
20142,sensor/temperatura/rasberry,37.6,2025-04-09 09:30:45
20143,inomax/busdevoltaje,3701.0,2025-04-09 09:30:47
20144,inomax/temperaturaVariador,315.0,2025-04-09 09:30:47
20145,sensor/temperatura/rasberry,37.6,2025-04-09 09:30:50
20146,sensor/temperatura/rasberry,37.6,2025-04-09 09:30:55
20147,inomax/temperaturaVariador,315.0,2025-04-09 09:30:55
20148,sensor/temperatura/tablero,236.0,2025-04-09 09:30:55
20149,sensor/temperatura/rasberry,38.1,2025-04-09 09:31:00
20150,inomax/busdevoltaje,3696.0,2025-04-09 09:31:00
20151,inomax/temperaturaVariador,315.0,2025-04-09 09:31:00
20152,sensor/temperatura/rasberry,37.6,2025-04-09 09:31:05
20153,inomax/temperaturaVariador,315.0,2025-04-09 09:31:08
20154,sensor/temperatura/tablero,237.0,2025-04-09 09:31:08
20155,sensor/temperatura/rasberry,37.6,2025-04-09 09:31:10
20156,inomax/busdevoltaje,3699.0,2025-04-09 09:31:13
20157,inomax/temperaturaVariador,315.0,2025-04-09 09:31:13
20158,sensor/temperatura/rasberry,37.6,2025-04-09 09:31:15
20159,sensor/temperatura/rasberry,37.6,2025-04-09 09:31:20
20160,inomax/temperaturaVariador,315.0,2025-04-09 09:31:21
20161,sensor/temperatura/tablero,237.0,2025-04-09 09:31:22
20162,sensor/temperatura/rasberry,37.6,2025-04-09 09:31:25
20163,inomax/busdevoltaje,3690.0,2025-04-09 09:31:26
20164,inomax/temperaturaVariador,315.0,2025-04-09 09:31:27
20165,sensor/temperatura/rasberry,37.6,2025-04-09 09:31:30
20166,inomax/temperaturaVariador,315.0,2025-04-09 09:31:35
20167,sensor/temperatura/tablero,237.0,2025-04-09 09:31:35
20168,sensor/temperatura/rasberry,37.6,2025-04-09 09:31:35
20169,inomax/busdevoltaje,3693.0,2025-04-09 09:31:40
20170,inomax/temperaturaVariador,315.0,2025-04-09 09:31:40
20171,sensor/temperatura/rasberry,37.6,2025-04-09 09:31:40
20172,sensor/temperatura/rasberry,38.1,2025-04-09 09:31:45
20173,inomax/temperaturaVariador,315.0,2025-04-09 09:31:48
20174,sensor/temperatura/tablero,237.0,2025-04-09 09:31:48
20175,sensor/temperatura/rasberry,37.6,2025-04-09 09:31:50
20176,inomax/busdevoltaje,3695.0,2025-04-09 09:31:53
20177,inomax/temperaturaVariador,315.0,2025-04-09 09:31:53
20178,sensor/temperatura/rasberry,37.6,2025-04-09 09:31:55
20179,sensor/temperatura/rasberry,37.0,2025-04-09 09:32:00
20180,inomax/temperaturaVariador,315.0,2025-04-09 09:32:01
20181,sensor/temperatura/tablero,237.0,2025-04-09 09:32:01
20182,sensor/temperatura/rasberry,37.6,2025-04-09 09:32:05
20183,inomax/busdevoltaje,3700.0,2025-04-09 09:32:06
20184,inomax/temperaturaVariador,315.0,2025-04-09 09:32:06
20185,sensor/temperatura/rasberry,37.6,2025-04-09 09:32:10
20186,inomax/temperaturaVariador,315.0,2025-04-09 09:32:14
20187,sensor/temperatura/tablero,237.0,2025-04-09 09:32:14
20188,sensor/temperatura/rasberry,37.6,2025-04-09 09:32:15
20189,inomax/busdevoltaje,3705.0,2025-04-09 09:32:19
20190,inomax/temperaturaVariador,315.0,2025-04-09 09:32:19
20191,sensor/temperatura/rasberry,38.1,2025-04-09 09:32:20
20192,sensor/temperatura/rasberry,38.1,2025-04-09 09:32:25
20193,inomax/temperaturaVariador,315.0,2025-04-09 09:32:27
20194,sensor/temperatura/tablero,237.0,2025-04-09 09:32:28
20195,sensor/temperatura/rasberry,37.0,2025-04-09 09:32:30
20196,inomax/busdevoltaje,3710.0,2025-04-09 09:32:33
20197,sensor/temperatura/rasberry,38.1,2025-04-09 09:32:35
20198,sensor/temperatura/rasberry,37.6,2025-04-09 09:32:40
20199,inomax/temperaturaVariador,315.0,2025-04-09 09:32:41
20200,sensor/temperatura/tablero,237.0,2025-04-09 09:32:41
20201,sensor/temperatura/rasberry,37.6,2025-04-09 09:32:45
20202,inomax/busdevoltaje,3717.0,2025-04-09 09:32:46
20203,inomax/temperaturaVariador,315.0,2025-04-09 09:32:46
20204,sensor/temperatura/rasberry,37.6,2025-04-09 09:32:50
20205,inomax/temperaturaVariador,315.0,2025-04-09 09:32:54
20206,sensor/temperatura/tablero,237.0,2025-04-09 09:32:54
20207,sensor/temperatura/rasberry,37.0,2025-04-09 09:32:55
20208,inomax/busdevoltaje,3738.0,2025-04-09 09:32:59
20209,inomax/temperaturaVariador,315.0,2025-04-09 09:32:59
20210,sensor/temperatura/rasberry,37.0,2025-04-09 09:33:00
20211,sensor/temperatura/rasberry,37.0,2025-04-09 09:33:05
20212,inomax/temperaturaVariador,315.0,2025-04-09 09:33:07
20213,sensor/temperatura/tablero,237.0,2025-04-09 09:33:07
20214,sensor/temperatura/rasberry,37.6,2025-04-09 09:33:10
20215,inomax/busdevoltaje,3727.0,2025-04-09 09:33:12
20216,inomax/temperaturaVariador,315.0,2025-04-09 09:33:12
20217,sensor/temperatura/rasberry,37.6,2025-04-09 09:33:15
20218,sensor/temperatura/rasberry,37.6,2025-04-09 09:33:20
20219,inomax/temperaturaVariador,315.0,2025-04-09 09:33:20
20220,sensor/temperatura/tablero,237.0,2025-04-09 09:33:21
20221,sensor/temperatura/rasberry,37.0,2025-04-09 09:33:25
20222,inomax/busdevoltaje,3717.0,2025-04-09 09:33:25
20223,inomax/temperaturaVariador,315.0,2025-04-09 09:33:25
20224,sensor/temperatura/rasberry,37.0,2025-04-09 09:33:30
20225,inomax/temperaturaVariador,315.0,2025-04-09 09:33:34
20226,sensor/temperatura/tablero,237.0,2025-04-09 09:33:34
20227,sensor/temperatura/rasberry,37.6,2025-04-09 09:33:35
20228,inomax/busdevoltaje,3716.0,2025-04-09 09:33:39
20229,inomax/temperaturaVariador,315.0,2025-04-09 09:33:39
20230,sensor/temperatura/rasberry,37.6,2025-04-09 09:33:40
20231,sensor/temperatura/rasberry,37.6,2025-04-09 09:33:45
20232,inomax/temperaturaVariador,315.0,2025-04-09 09:33:47
20233,sensor/temperatura/tablero,237.0,2025-04-09 09:33:47
20234,sensor/temperatura/rasberry,37.6,2025-04-09 09:33:50
20235,inomax/busdevoltaje,3721.0,2025-04-09 09:33:52
20236,inomax/temperaturaVariador,315.0,2025-04-09 09:33:52
20237,sensor/temperatura/rasberry,37.6,2025-04-09 09:33:55
20238,sensor/temperatura/rasberry,37.6,2025-04-09 09:34:00
20239,inomax/temperaturaVariador,315.0,2025-04-09 09:34:00
20240,sensor/temperatura/tablero,237.0,2025-04-09 09:34:00
20241,sensor/temperatura/rasberry,37.6,2025-04-09 09:34:05
20242,inomax/busdevoltaje,3732.0,2025-04-09 09:34:05
20243,inomax/temperaturaVariador,315.0,2025-04-09 09:34:05
20244,sensor/temperatura/rasberry,37.6,2025-04-09 09:34:10
20245,inomax/temperaturaVariador,315.0,2025-04-09 09:34:13
20246,sensor/temperatura/tablero,237.0,2025-04-09 09:34:13
20247,sensor/temperatura/rasberry,37.6,2025-04-09 09:34:15
20248,inomax/busdevoltaje,3719.0,2025-04-09 09:34:18
20249,sensor/temperatura/rasberry,37.6,2025-04-09 09:34:20
20250,sensor/temperatura/rasberry,37.6,2025-04-09 09:34:25
20251,inomax/temperaturaVariador,315.0,2025-04-09 09:34:26
20252,sensor/temperatura/tablero,237.0,2025-04-09 09:34:27
20253,sensor/temperatura/rasberry,37.6,2025-04-09 09:34:30
20254,inomax/busdevoltaje,3729.0,2025-04-09 09:34:31
20255,inomax/temperaturaVariador,315.0,2025-04-09 09:34:32
20256,sensor/temperatura/rasberry,37.6,2025-04-09 09:34:35
20257,inomax/temperaturaVariador,315.0,2025-04-09 09:34:40
20258,sensor/temperatura/tablero,238.0,2025-04-09 09:34:40
20259,sensor/temperatura/rasberry,37.6,2025-04-09 09:34:40
20260,inomax/busdevoltaje,3744.0,2025-04-09 09:34:45
20261,inomax/temperaturaVariador,315.0,2025-04-09 09:34:45
20262,sensor/temperatura/rasberry,37.6,2025-04-09 09:34:45
20263,sensor/temperatura/rasberry,37.6,2025-04-09 09:34:50
20264,inomax/temperaturaVariador,316.0,2025-04-09 09:34:53
20265,sensor/temperatura/tablero,238.0,2025-04-09 09:34:53
20266,sensor/temperatura/rasberry,37.0,2025-04-09 09:34:55
20267,inomax/busdevoltaje,3733.0,2025-04-09 09:34:58
20268,inomax/temperaturaVariador,315.0,2025-04-09 09:34:58
20269,sensor/temperatura/rasberry,37.0,2025-04-09 09:35:00
20270,sensor/temperatura/rasberry,37.6,2025-04-09 09:35:05
20271,inomax/temperaturaVariador,316.0,2025-04-09 09:35:06
20272,sensor/temperatura/tablero,237.0,2025-04-09 09:35:06
20273,sensor/temperatura/rasberry,37.0,2025-04-09 09:35:10
20274,inomax/busdevoltaje,3736.0,2025-04-09 09:35:11
20275,inomax/temperaturaVariador,315.0,2025-04-09 09:35:11
20276,sensor/temperatura/rasberry,37.6,2025-04-09 09:35:15
20277,inomax/temperaturaVariador,316.0,2025-04-09 09:35:19
20278,sensor/temperatura/tablero,238.0,2025-04-09 09:35:19
20279,sensor/temperatura/rasberry,37.6,2025-04-09 09:35:20
20280,inomax/busdevoltaje,3750.0,2025-04-09 09:35:24
20281,inomax/temperaturaVariador,315.0,2025-04-09 09:35:24
20282,sensor/temperatura/rasberry,38.1,2025-04-09 09:35:25
20283,sensor/temperatura/rasberry,37.6,2025-04-09 09:35:30
20284,inomax/temperaturaVariador,315.0,2025-04-09 09:35:33
20285,sensor/temperatura/tablero,238.0,2025-04-09 09:35:33
20286,sensor/temperatura/rasberry,37.6,2025-04-09 09:35:35
20287,inomax/busdevoltaje,3732.0,2025-04-09 09:35:38
20288,inomax/temperaturaVariador,316.0,2025-04-09 09:35:38
20289,sensor/temperatura/rasberry,38.1,2025-04-09 09:35:40
20290,sensor/temperatura/rasberry,37.6,2025-04-09 09:35:45
20291,inomax/temperaturaVariador,315.0,2025-04-09 09:35:46
20292,sensor/temperatura/tablero,238.0,2025-04-09 09:35:46
20293,sensor/temperatura/rasberry,37.0,2025-04-09 09:35:50
20294,inomax/busdevoltaje,3730.0,2025-04-09 09:35:51
20295,inomax/temperaturaVariador,316.0,2025-04-09 09:35:51
20296,sensor/temperatura/rasberry,37.6,2025-04-09 09:35:55
20297,inomax/temperaturaVariador,316.0,2025-04-09 09:35:59
20298,sensor/temperatura/tablero,238.0,2025-04-09 09:35:59
20299,sensor/temperatura/rasberry,37.6,2025-04-09 09:36:00
20300,inomax/busdevoltaje,3735.0,2025-04-09 09:36:04
20301,inomax/temperaturaVariador,315.0,2025-04-09 09:36:04
20302,sensor/temperatura/rasberry,37.0,2025-04-09 09:36:05
20303,sensor/temperatura/rasberry,37.6,2025-04-09 09:36:10
20304,inomax/temperaturaVariador,316.0,2025-04-09 09:36:12
20305,sensor/temperatura/tablero,238.0,2025-04-09 09:36:12
20306,sensor/temperatura/rasberry,37.6,2025-04-09 09:36:15
20307,inomax/busdevoltaje,3727.0,2025-04-09 09:36:17
20308,inomax/temperaturaVariador,316.0,2025-04-09 09:36:17
20309,sensor/temperatura/rasberry,37.6,2025-04-09 09:36:20
20310,sensor/temperatura/rasberry,37.6,2025-04-09 09:36:25
20311,inomax/temperaturaVariador,316.0,2025-04-09 09:36:25
20312,sensor/temperatura/tablero,238.0,2025-04-09 09:36:26
20313,sensor/temperatura/rasberry,37.0,2025-04-09 09:36:30
20314,inomax/busdevoltaje,3730.0,2025-04-09 09:36:30
20315,inomax/temperaturaVariador,316.0,2025-04-09 09:36:31
20316,sensor/temperatura/rasberry,37.6,2025-04-09 09:36:35
20317,inomax/temperaturaVariador,316.0,2025-04-09 09:36:39
20318,sensor/temperatura/tablero,238.0,2025-04-09 09:36:39
20319,sensor/temperatura/rasberry,37.6,2025-04-09 09:36:40
20320,inomax/busdevoltaje,3732.0,2025-04-09 09:36:44
20321,inomax/temperaturaVariador,316.0,2025-04-09 09:36:44
20322,sensor/temperatura/rasberry,37.6,2025-04-09 09:36:45
20323,sensor/temperatura/rasberry,37.6,2025-04-09 09:36:50
20324,inomax/temperaturaVariador,316.0,2025-04-09 09:36:52
20325,sensor/temperatura/tablero,238.0,2025-04-09 09:36:52
20326,sensor/temperatura/rasberry,37.0,2025-04-09 09:36:55
20327,inomax/busdevoltaje,3746.0,2025-04-09 09:36:57
20328,inomax/temperaturaVariador,316.0,2025-04-09 09:36:57
20329,sensor/temperatura/rasberry,37.6,2025-04-09 09:37:00
20330,sensor/temperatura/rasberry,37.6,2025-04-09 09:37:05
20331,inomax/temperaturaVariador,316.0,2025-04-09 09:37:05
20332,sensor/temperatura/tablero,238.0,2025-04-09 09:37:05
20333,sensor/temperatura/rasberry,37.6,2025-04-09 09:37:10
20334,inomax/busdevoltaje,3744.0,2025-04-09 09:37:10
20335,inomax/temperaturaVariador,316.0,2025-04-09 09:37:10
20336,sensor/temperatura/rasberry,37.6,2025-04-09 09:37:15
20337,inomax/temperaturaVariador,316.0,2025-04-09 09:37:18
20338,sensor/temperatura/tablero,238.0,2025-04-09 09:37:18
20339,sensor/temperatura/rasberry,38.1,2025-04-09 09:37:20
20340,inomax/busdevoltaje,3738.0,2025-04-09 09:37:23
20341,inomax/temperaturaVariador,316.0,2025-04-09 09:37:23
20342,sensor/temperatura/rasberry,37.6,2025-04-09 09:37:25
20343,sensor/temperatura/rasberry,37.6,2025-04-09 09:37:30
20344,inomax/temperaturaVariador,316.0,2025-04-09 09:37:32
20345,sensor/temperatura/tablero,238.0,2025-04-09 09:37:32
20346,sensor/temperatura/rasberry,37.6,2025-04-09 09:37:35
20347,inomax/busdevoltaje,3732.0,2025-04-09 09:37:37
20348,inomax/temperaturaVariador,316.0,2025-04-09 09:37:37
20349,sensor/temperatura/rasberry,37.6,2025-04-09 09:37:40
20350,inomax/temperaturaVariador,316.0,2025-04-09 09:37:45
20351,sensor/temperatura/rasberry,37.0,2025-04-09 09:37:45
20352,sensor/temperatura/tablero,238.0,2025-04-09 09:37:45
20353,inomax/busdevoltaje,3733.0,2025-04-09 09:37:50
20354,inomax/temperaturaVariador,316.0,2025-04-09 09:37:50
20355,sensor/temperatura/rasberry,37.6,2025-04-09 09:37:50
20356,sensor/temperatura/rasberry,37.6,2025-04-09 09:37:55
20357,inomax/temperaturaVariador,316.0,2025-04-09 09:37:58
20358,sensor/temperatura/tablero,238.0,2025-04-09 09:37:58
20359,sensor/temperatura/rasberry,37.0,2025-04-09 09:38:00
20360,inomax/busdevoltaje,3734.0,2025-04-09 09:38:03
20361,inomax/temperaturaVariador,316.0,2025-04-09 09:38:03
20362,sensor/temperatura/rasberry,37.6,2025-04-09 09:38:05
20363,sensor/temperatura/rasberry,37.6,2025-04-09 09:38:10
20364,inomax/temperaturaVariador,316.0,2025-04-09 09:38:11
20365,sensor/temperatura/tablero,238.0,2025-04-09 09:38:11
20366,sensor/temperatura/rasberry,37.6,2025-04-09 09:38:15
20367,inomax/busdevoltaje,3736.0,2025-04-09 09:38:16
20368,inomax/temperaturaVariador,316.0,2025-04-09 09:38:16
20369,sensor/temperatura/rasberry,37.6,2025-04-09 09:38:20
20370,inomax/temperaturaVariador,316.0,2025-04-09 09:38:24
20371,sensor/temperatura/tablero,239.0,2025-04-09 09:38:25
20372,sensor/temperatura/rasberry,37.6,2025-04-09 09:38:25
20373,inomax/busdevoltaje,3738.0,2025-04-09 09:38:29
20374,inomax/temperaturaVariador,316.0,2025-04-09 09:38:30
20375,sensor/temperatura/rasberry,37.6,2025-04-09 09:38:30
20376,sensor/temperatura/rasberry,38.1,2025-04-09 09:38:35
20377,inomax/temperaturaVariador,316.0,2025-04-09 09:38:38
20378,sensor/temperatura/tablero,239.0,2025-04-09 09:38:38
20379,sensor/temperatura/rasberry,37.6,2025-04-09 09:38:40
20380,inomax/busdevoltaje,3753.0,2025-04-09 09:38:43
20381,inomax/temperaturaVariador,316.0,2025-04-09 09:38:43
20382,sensor/temperatura/rasberry,37.6,2025-04-09 09:38:45
20383,sensor/temperatura/rasberry,37.0,2025-04-09 09:38:50
20384,inomax/temperaturaVariador,316.0,2025-04-09 09:38:51
20385,sensor/temperatura/tablero,239.0,2025-04-09 09:38:51
20386,sensor/temperatura/rasberry,37.6,2025-04-09 09:38:55
20387,inomax/temperaturaVariador,316.0,2025-04-09 09:38:56
20388,inomax/busdevoltaje,3762.0,2025-04-09 09:38:56
20389,sensor/temperatura/rasberry,37.6,2025-04-09 09:39:00
20390,inomax/temperaturaVariador,316.0,2025-04-09 09:39:04
20391,sensor/temperatura/tablero,239.0,2025-04-09 09:39:04
20392,sensor/temperatura/rasberry,37.6,2025-04-09 09:39:05
20393,inomax/busdevoltaje,3817.0,2025-04-09 09:39:09
20394,inomax/temperaturaVariador,316.0,2025-04-09 09:39:09
20395,sensor/temperatura/rasberry,37.6,2025-04-09 09:39:10
20396,sensor/temperatura/rasberry,37.6,2025-04-09 09:39:15
20397,inomax/temperaturaVariador,316.0,2025-04-09 09:39:17
20398,sensor/temperatura/tablero,239.0,2025-04-09 09:39:17
20399,sensor/temperatura/rasberry,37.0,2025-04-09 09:39:20
20400,inomax/busdevoltaje,3792.0,2025-04-09 09:39:22
20401,inomax/temperaturaVariador,316.0,2025-04-09 09:39:22
20402,sensor/temperatura/rasberry,37.6,2025-04-09 09:39:25
20403,sensor/temperatura/rasberry,37.6,2025-04-09 09:39:30
20404,inomax/temperaturaVariador,316.0,2025-04-09 09:39:30
20405,sensor/temperatura/tablero,239.0,2025-04-09 09:39:31
20406,sensor/temperatura/rasberry,37.6,2025-04-09 09:39:35
20407,inomax/busdevoltaje,3817.0,2025-04-09 09:39:35
20408,inomax/temperaturaVariador,316.0,2025-04-09 09:39:36
20409,sensor/temperatura/rasberry,37.6,2025-04-09 09:39:40
20410,inomax/temperaturaVariador,316.0,2025-04-09 09:39:44
20411,sensor/temperatura/tablero,239.0,2025-04-09 09:39:44
20412,sensor/temperatura/rasberry,37.0,2025-04-09 09:39:45
20413,inomax/busdevoltaje,3787.0,2025-04-09 09:39:49
20414,inomax/temperaturaVariador,316.0,2025-04-09 09:39:49
20415,sensor/temperatura/rasberry,37.6,2025-04-09 09:39:50
20416,sensor/temperatura/rasberry,37.0,2025-04-09 09:39:55
20417,inomax/temperaturaVariador,316.0,2025-04-09 09:39:57
20418,sensor/temperatura/tablero,239.0,2025-04-09 09:39:57
